<?xml version="1.0" encoding="utf-8" ?>
<dwsync>
<file name="dmbProject.dmb" server="xfx.net//httpdocs/" local="128214209308593750" remote="128524699200000000" />
<file name="dmbProject.dmb" server="c:/inetpub/wwwroot/" local="128214209308593750" remote="128214360600000000" />
<file name="index.html" server="xfx.net//httpdocs/" local="127616400000000000" remote="128524699200000000" />
<file name="index.html" server="c:/inetpub/wwwroot/" local="127616400000000000" remote="128214360600000000" />
<file name="main.htm" server="xfx.net//httpdocs/" local="128214210194062500" remote="128524699200000000" />
<file name="main.htm" server="c:/inetpub/wwwroot/" local="128214210194062500" remote="128214360600000000" />
<file name="top.htm" server="xfx.net//httpdocs/" local="127616400000000000" remote="128524699200000000" />
<file name="top.htm" server="c:/inetpub/wwwroot/" local="127616400000000000" remote="128214361200000000" />
</dwsync>