<?xml version="1.0" encoding="utf-8" ?>
<dwsync>
<file name="ablack.gif" server="xfx.net//httpdocs/" local="127616400000000000" remote="128524701600000000" />
<file name="ablack.gif" server="c:/inetpub/wwwroot/" local="127616400000000000" remote="128214364200000000" />
<file name="awhite.gif" server="xfx.net//httpdocs/" local="127616400000000000" remote="128524701600000000" />
<file name="awhite.gif" server="c:/inetpub/wwwroot/" local="127616400000000000" remote="128214364200000000" />
<file name="dmb_i.gif" server="xfx.net//httpdocs/" local="126713248680000000" remote="128524701600000000" />
<file name="dmb_i.gif" server="c:/inetpub/wwwroot/" local="126713248680000000" remote="128214364200000000" />
<file name="Picasa.ini" server="xfx.net//httpdocs/" local="127609488000000000" remote="128524701600000000" />
<file name="Picasa.ini" server="c:/inetpub/wwwroot/" local="127609488000000000" remote="128214364200000000" />
<file name="stNormal.jpg" server="xfx.net//httpdocs/" local="127616400000000000" remote="128524701600000000" />
<file name="stNormal.jpg" server="c:/inetpub/wwwroot/" local="127616400000000000" remote="128214364200000000" />
</dwsync>