<?xml version="1.0" encoding="utf-8" ?>
<dwsync>
<file name="dmbAPI_setGroupStyle.htm" server="xfx.net//httpdocs/" local="128524545690000000" remote="128524696800000000" />
<file name="dmbAPI_removeImageLeft.htm" server="xfx.net//httpdocs/" local="128524545689375000" remote="128524696800000000" />
<file name="dmbAPI_removeImageRight.htm" server="xfx.net//httpdocs/" local="128524545689375000" remote="128524696800000000" />
<file name="dmbAPI_setCaption.htm" server="xfx.net//httpdocs/" local="128524545689531250" remote="128524696800000000" />
<file name="dmbAPI_setColor.htm" server="xfx.net//httpdocs/" local="128524545689687500" remote="128524696800000000" />
<file name="dmbAPI_setFont.htm" server="xfx.net//httpdocs/" local="128524545689687500" remote="128524696800000000" />
<file name="dmbAPI_setGroupHeight.htm" server="xfx.net//httpdocs/" local="128524545689843750" remote="128524696800000000" />
<file name="dmbAPI_setGroupLayout.htm" server="xfx.net//httpdocs/" local="128524545689843750" remote="128524696800000000" />
<file name="dmbAPI_setGroupSeparation.htm" server="xfx.net//httpdocs/" local="128524545690000000" remote="128524696800000000" />
<file name="dmbAPI_setGroupWidth.htm" server="xfx.net//httpdocs/" local="128524545690000000" remote="128524696800000000" />
<file name="dmbAPI_setImageLeftNormal.htm" server="xfx.net//httpdocs/" local="128524545690156250" remote="128524696800000000" />
<file name="dmbAPI_setImageLeftOver.htm" server="xfx.net//httpdocs/" local="128524545690156250" remote="128524696800000000" />
<file name="dmbAPI_setImageRightNormal.htm" server="xfx.net//httpdocs/" local="128524545690312500" remote="128524696800000000" />
<file name="dmbAPI_setImageRightOver.htm" server="xfx.net//httpdocs/" local="128524545690312500" remote="128524697400000000" />
<file name="dmbAPI_setSelectionEffects.htm" server="xfx.net//httpdocs/" local="128524545690312500" remote="128524697400000000" />
<file name="dmbAPI_setStyleFromItem.htm" server="xfx.net//httpdocs/" local="128524545690468750" remote="128524697400000000" />
<file name="dmbAPI_setTBHeight.htm" server="xfx.net//httpdocs/" local="128524545690468750" remote="128524697400000000" />
<file name="dmbAPI_setTBLayout.htm" server="xfx.net//httpdocs/" local="128524545690468750" remote="128524697400000000" />
<file name="dmbAPI_setTBWidth.htm" server="xfx.net//httpdocs/" local="128524545690625000" remote="128524697400000000" />
</dwsync>