<?xml version="1.0" encoding="utf-8" ?>
<dwsync>
<file name="dmb_m.gif" server="xfx.net//httpdocs/" local="126713248680000000" remote="128524701600000000" />
<file name="dmb_m.gif" server="c:/inetpub/wwwroot/" local="126713248680000000" remote="128214364200000000" />
<file name="iemenu.js" server="xfx.net//httpdocs/" local="128214204373593750" remote="128524701600000000" />
<file name="iemenu.js" server="c:/inetpub/wwwroot/" local="128214204373593750" remote="128214364200000000" />
<file name="index.html" server="xfx.net//httpdocs/" local="127616400000000000" remote="128524701600000000" />
<file name="index.html" server="c:/inetpub/wwwroot/" local="127616400000000000" remote="128214364800000000" />
<file name="Picasa.ini" server="xfx.net//httpdocs/" local="127609488000000000" remote="128524701600000000" />
<file name="Picasa.ini" server="c:/inetpub/wwwroot/" local="127609488000000000" remote="128214364800000000" />
<file name="project.dmb" server="xfx.net//httpdocs/" local="127640592000000000" remote="128524701600000000" />
<file name="project.dmb" server="c:/inetpub/wwwroot/" local="127640592000000000" remote="128214364800000000" />
</dwsync>