<?xml version="1.0" encoding="utf-8" ?>
<dwsync>
<file name="adn.gif" server="xfx.net//httpdocs/" local="128214212834531250" remote="128524699800000000" />
<file name="adn.gif" server="c:/inetpub/wwwroot/" local="128214212834531250" remote="128214361200000000" />
<file name="asel.gif" server="xfx.net//httpdocs/" local="128214212832968750" remote="128524699800000000" />
<file name="asel.gif" server="c:/inetpub/wwwroot/" local="128214212832968750" remote="128214361200000000" />
<file name="aunsel.gif" server="xfx.net//httpdocs/" local="128214212832968750" remote="128524699800000000" />
<file name="aunsel.gif" server="c:/inetpub/wwwroot/" local="128214212832968750" remote="128214361200000000" />
<file name="blank.gif" server="xfx.net//httpdocs/" local="128214212834375000" remote="128524699800000000" />
<file name="blank.gif" server="c:/inetpub/wwwroot/" local="128214212834375000" remote="128214361200000000" />
<file name="dlicon.gif" server="xfx.net//httpdocs/" local="128214212834531250" remote="128524699800000000" />
<file name="dlicon.gif" server="c:/inetpub/wwwroot/" local="128214212834531250" remote="128214361200000000" />
<file name="dmb.gif" server="xfx.net//httpdocs/" local="128214212833437500" remote="128524699800000000" />
<file name="dmb.gif" server="c:/inetpub/wwwroot/" local="128214212833437500" remote="128214361200000000" />
<file name="dmb_i.gif" server="xfx.net//httpdocs/" local="126713248680000000" remote="128524699800000000" />
<file name="dmb_i.gif" server="c:/inetpub/wwwroot/" local="126713248680000000" remote="128214361200000000" />
<file name="dmb_m.gif" server="xfx.net//httpdocs/" local="126713248680000000" remote="128524699800000000" />
<file name="dmb_m.gif" server="c:/inetpub/wwwroot/" local="126713248680000000" remote="128214361200000000" />
<file name="dxvu.gif" server="xfx.net//httpdocs/" local="128214212833750000" remote="128524699800000000" />
<file name="dxvu.gif" server="c:/inetpub/wwwroot/" local="128214212833750000" remote="128214361200000000" />
<file name="F0.gif" server="xfx.net//httpdocs/" local="128214212834062500" remote="128524699800000000" />
<file name="F0.gif" server="c:/inetpub/wwwroot/" local="128214212834062500" remote="128214361200000000" />
<file name="fem.gif" server="xfx.net//httpdocs/" local="128214212831093750" remote="128524699800000000" />
<file name="fem.gif" server="c:/inetpub/wwwroot/" local="128214212831093750" remote="128214361200000000" />
<file name="forum.gif" server="xfx.net//httpdocs/" local="128214212830156250" remote="128524699800000000" />
<file name="forum.gif" server="c:/inetpub/wwwroot/" local="128214212830156250" remote="128214361200000000" />
<file name="fs.gif" server="xfx.net//httpdocs/" local="128214212832968750" remote="128524699800000000" />
<file name="fs.gif" server="c:/inetpub/wwwroot/" local="128214212832968750" remote="128214361200000000" />
<file name="home.gif" server="xfx.net//httpdocs/" local="128214212834218750" remote="128524699800000000" />
<file name="home.gif" server="c:/inetpub/wwwroot/" local="128214212834218750" remote="128214361200000000" />
<file name="ic.gif" server="xfx.net//httpdocs/" local="128214212832656250" remote="128524699800000000" />
<file name="ic.gif" server="c:/inetpub/wwwroot/" local="128214212832656250" remote="128214361200000000" />
<file name="icon_createticket.gif" server="xfx.net//httpdocs/" local="128214212830156250" remote="128524699800000000" />
<file name="icon_createticket.gif" server="c:/inetpub/wwwroot/" local="128214212830156250" remote="128214361200000000" />
<file name="iexpmenu.js" server="xfx.net//httpdocs/" local="128214212829843750" remote="128524699800000000" />
<file name="iexpmenu.js" server="c:/inetpub/wwwroot/" local="128214212829843750" remote="128214361200000000" />
<file name="kl.gif" server="xfx.net//httpdocs/" local="128214212832812500" remote="128524699800000000" />
<file name="kl.gif" server="c:/inetpub/wwwroot/" local="128214212832812500" remote="128214361200000000" />
<file name="mail.gif" server="xfx.net//httpdocs/" local="128214212830000000" remote="128524699800000000" />
<file name="mail.gif" server="c:/inetpub/wwwroot/" local="128214212830000000" remote="128214361200000000" />
<file name="mxp.gif" server="xfx.net//httpdocs/" local="128214212833906250" remote="128524699800000000" />
<file name="mxp.gif" server="c:/inetpub/wwwroot/" local="128214212833906250" remote="128214361200000000" />
<file name="nf.gif" server="xfx.net//httpdocs/" local="128214212830937500" remote="128524699800000000" />
<file name="nf.gif" server="c:/inetpub/wwwroot/" local="128214212830937500" remote="128214361200000000" />
<file name="ofolder.gif" server="xfx.net//httpdocs/" local="128214212832968750" remote="128524699800000000" />
<file name="ofolder.gif" server="c:/inetpub/wwwroot/" local="128214212832968750" remote="128214361200000000" />
<file name="puk.gif" server="xfx.net//httpdocs/" local="128214212831250000" remote="128524699800000000" />
<file name="puk.gif" server="c:/inetpub/wwwroot/" local="128214212831250000" remote="128214361200000000" />
<file name="purchase.gif" server="xfx.net//httpdocs/" local="128214212834531250" remote="128524699800000000" />
<file name="purchase.gif" server="c:/inetpub/wwwroot/" local="128214212834531250" remote="128214361800000000" />
<file name="sdf.gif" server="xfx.net//httpdocs/" local="128214212831250000" remote="128524699800000000" />
<file name="sdf.gif" server="c:/inetpub/wwwroot/" local="128214212831250000" remote="128214361800000000" />
<file name="sl.gif" server="xfx.net//httpdocs/" local="128214212832812500" remote="128524699800000000" />
<file name="sl.gif" server="c:/inetpub/wwwroot/" local="128214212832812500" remote="128214361800000000" />
<file name="support.gif" server="xfx.net//httpdocs/" local="128214212833906250" remote="128524699800000000" />
<file name="support.gif" server="c:/inetpub/wwwroot/" local="128214212833906250" remote="128214361800000000" />
<file name="xfxicon.gif" server="xfx.net//httpdocs/" local="128214212831093750" remote="128524699800000000" />
<file name="xfxicon.gif" server="c:/inetpub/wwwroot/" local="128214212831093750" remote="128214361800000000" />
<file name="xfxsld.gif" server="xfx.net//httpdocs/" local="128214212832500000" remote="128524699800000000" />
<file name="xfxsld.gif" server="c:/inetpub/wwwroot/" local="128214212832500000" remote="128214361800000000" />
</dwsync>