<?xml version="1.0" encoding="utf-8" ?>
<dwsync>
<file name="arrow_anim.gif" server="xfx.net//httpdocs/" local="128439371175781250" remote="128524700400000000" />
<file name="arrow_anim.gif" server="c:/inetpub/wwwroot/" local="128214212381718750" remote="128214363000000000" />
<file name="arrow_right.gif" server="xfx.net//httpdocs/" local="128439371175781250" remote="128524700400000000" />
<file name="arrow_right.gif" server="c:/inetpub/wwwroot/" local="128214212381718750" remote="128214363000000000" />
<file name="blank.gif" server="xfx.net//httpdocs/" local="128439371176718750" remote="128524700400000000" />
<file name="blank.gif" server="c:/inetpub/wwwroot/" local="128214212383750000" remote="128214363000000000" />
<file name="dlicon.gif" server="xfx.net//httpdocs/" local="128439371176406250" remote="128524700400000000" />
<file name="dlicon.gif" server="c:/inetpub/wwwroot/" local="128214212382656250" remote="128214363000000000" />
<file name="dmb.gif" server="xfx.net//httpdocs/" local="128439371176093750" remote="128524700400000000" />
<file name="dmb.gif" server="c:/inetpub/wwwroot/" local="128214212382343750" remote="128214363000000000" />
<file name="dmb_i.gif" server="xfx.net//httpdocs/" local="126713248680000000" remote="128524700400000000" />
<file name="dmb_i.gif" server="c:/inetpub/wwwroot/" local="126713248680000000" remote="128214363000000000" />
<file name="dmb_m.gif" server="xfx.net//httpdocs/" local="126713248680000000" remote="128524700400000000" />
<file name="dmb_m.gif" server="c:/inetpub/wwwroot/" local="126713248680000000" remote="128214363000000000" />
<file name="dxvu.gif" server="xfx.net//httpdocs/" local="128439371176093750" remote="128524700400000000" />
<file name="dxvu.gif" server="c:/inetpub/wwwroot/" local="128214212382500000" remote="128214363000000000" />
<file name="F0.gif" server="xfx.net//httpdocs/" local="128439371176406250" remote="128524700400000000" />
<file name="F0.gif" server="c:/inetpub/wwwroot/" local="128214212382968750" remote="128214363000000000" />
<file name="fem.gif" server="xfx.net//httpdocs/" local="128439371175312500" remote="128524700400000000" />
<file name="fem.gif" server="c:/inetpub/wwwroot/" local="128214212381093750" remote="128214363000000000" />
<file name="forum.gif" server="xfx.net//httpdocs/" local="127616400000000000" remote="128524700400000000" />
<file name="forum.gif" server="c:/inetpub/wwwroot/" local="127616400000000000" remote="128214363000000000" />
<file name="fs.gif" server="xfx.net//httpdocs/" local="128439371176250000" remote="128524700400000000" />
<file name="fs.gif" server="c:/inetpub/wwwroot/" local="128214212382500000" remote="128214363000000000" />
<file name="home.gif" server="xfx.net//httpdocs/" local="128439371176562500" remote="128524700400000000" />
<file name="home.gif" server="c:/inetpub/wwwroot/" local="128214212383750000" remote="128214363000000000" />
<file name="ic.gif" server="xfx.net//httpdocs/" local="128439371175937500" remote="128524700400000000" />
<file name="ic.gif" server="c:/inetpub/wwwroot/" local="128214212382343750" remote="128214363000000000" />
<file name="icon_createticket.gif" server="xfx.net//httpdocs/" local="127616400000000000" remote="128524700400000000" />
<file name="icon_createticket.gif" server="c:/inetpub/wwwroot/" local="127616400000000000" remote="128214363000000000" />
<file name="iexpmenu.js" server="xfx.net//httpdocs/" local="128439371174843750" remote="128524701000000000" />
<file name="iexpmenu.js" server="c:/inetpub/wwwroot/" local="128214212378750000" remote="128214363000000000" />
<file name="kl.gif" server="xfx.net//httpdocs/" local="128439371176093750" remote="128524701000000000" />
<file name="kl.gif" server="c:/inetpub/wwwroot/" local="128214212382343750" remote="128214363000000000" />
<file name="mail.gif" server="xfx.net//httpdocs/" local="127616400000000000" remote="128524701000000000" />
<file name="mail.gif" server="c:/inetpub/wwwroot/" local="127616400000000000" remote="128214363000000000" />
<file name="mnu_back.gif" server="xfx.net//httpdocs/" local="128439371176718750" remote="128524701000000000" />
<file name="mnu_back.gif" server="c:/inetpub/wwwroot/" local="128214212385000000" remote="128214363000000000" />
<file name="mxp.gif" server="xfx.net//httpdocs/" local="128439371176250000" remote="128524701000000000" />
<file name="mxp.gif" server="c:/inetpub/wwwroot/" local="128214212382500000" remote="128214363000000000" />
<file name="nf.gif" server="xfx.net//httpdocs/" local="128439371175312500" remote="128524701000000000" />
<file name="nf.gif" server="c:/inetpub/wwwroot/" local="128214212380937500" remote="128214363000000000" />
<file name="ofolder.gif" server="xfx.net//httpdocs/" local="128439371175781250" remote="128524701000000000" />
<file name="ofolder.gif" server="c:/inetpub/wwwroot/" local="128214212381718750" remote="128214363000000000" />
<file name="puk.gif" server="xfx.net//httpdocs/" local="128439371175468750" remote="128524701000000000" />
<file name="puk.gif" server="c:/inetpub/wwwroot/" local="128214212381250000" remote="128214363000000000" />
<file name="purchase.gif" server="xfx.net//httpdocs/" local="128439371176562500" remote="128524701000000000" />
<file name="purchase.gif" server="c:/inetpub/wwwroot/" local="128214212383593750" remote="128214363000000000" />
<file name="search.gif" server="xfx.net//httpdocs/" local="128439371176718750" remote="128524701000000000" />
<file name="search.gif" server="c:/inetpub/wwwroot/" local="128214212385000000" remote="128214363000000000" />
<file name="sl.gif" server="xfx.net//httpdocs/" local="128439371176093750" remote="128524701000000000" />
<file name="sl.gif" server="c:/inetpub/wwwroot/" local="128214212382343750" remote="128214363000000000" />
<file name="support.gif" server="xfx.net//httpdocs/" local="127616400000000000" remote="128524701000000000" />
<file name="support.gif" server="c:/inetpub/wwwroot/" local="127616400000000000" remote="128214363000000000" />
</dwsync>