<?xml version="1.0" encoding="utf-8" ?>
<dwsync>
<file name="dmb_i.gif" server="xfx.net//httpdocs/" local="126713248680000000" remote="128524699200000000" />
<file name="dmb_i.gif" server="c:/inetpub/wwwroot/" local="126713248680000000" remote="128214360600000000" />
<file name="dmb_m.gif" server="xfx.net//httpdocs/" local="126713248680000000" remote="128524699200000000" />
<file name="dmb_m.gif" server="c:/inetpub/wwwroot/" local="126713248680000000" remote="128214360600000000" />
<file name="iemenu.js" server="xfx.net//httpdocs/" local="128214207462968750" remote="128524699200000000" />
<file name="iemenu.js" server="c:/inetpub/wwwroot/" local="128214207462968750" remote="128214360600000000" />
<file name="iemenu_frames.js" server="xfx.net//httpdocs/" local="128214207464218750" remote="128524699200000000" />
<file name="iemenu_frames.js" server="c:/inetpub/wwwroot/" local="128214207464218750" remote="128214361200000000" />
<file name="Picasa.ini" server="xfx.net//httpdocs/" local="127609488000000000" remote="128524699200000000" />
<file name="Picasa.ini" server="c:/inetpub/wwwroot/" local="127609488000000000" remote="128214361200000000" />
</dwsync>