<?xml version="1.0" encoding="utf-8" ?>
<dwsync>
<file name="arrow_black.gif" server="xfx.net//httpdocs/" local="128214213726562500" remote="128524700400000000" />
<file name="arrow_black.gif" server="c:/inetpub/wwwroot/" local="128214213726562500" remote="128214362400000000" />
<file name="dmb_i.gif" server="xfx.net//httpdocs/" local="126713248680000000" remote="128524700400000000" />
<file name="dmb_i.gif" server="c:/inetpub/wwwroot/" local="126713248680000000" remote="128214362400000000" />
<file name="dmb_m.gif" server="xfx.net//httpdocs/" local="126713248680000000" remote="128524700400000000" />
<file name="dmb_m.gif" server="c:/inetpub/wwwroot/" local="126713248680000000" remote="128214362400000000" />
<file name="F0.gif" server="xfx.net//httpdocs/" local="128214213726562500" remote="128524700400000000" />
<file name="F0.gif" server="c:/inetpub/wwwroot/" local="128214213726562500" remote="128214362400000000" />
<file name="iemenu.js" server="xfx.net//httpdocs/" local="128214213725937500" remote="128524700400000000" />
<file name="iemenu.js" server="c:/inetpub/wwwroot/" local="128214213725937500" remote="128214362400000000" />
</dwsync>