<?xml version="1.0" encoding="utf-8" ?>
<dwsync>
<file name="dmb_i.gif" server="xfx.net//httpdocs/" local="126713248680000000" remote="128524699800000000" />
<file name="dmb_i.gif" server="c:/inetpub/wwwroot/" local="126713248680000000" remote="128214362400000000" />
<file name="dmb_m.gif" server="xfx.net//httpdocs/" local="126713248680000000" remote="128524699800000000" />
<file name="dmb_m.gif" server="c:/inetpub/wwwroot/" local="126713248680000000" remote="128214362400000000" />
<file name="iemenu.js" server="xfx.net//httpdocs/" local="128336574264843750" remote="128524700400000000" />
<file name="iemenu.js" server="c:/inetpub/wwwroot/" local="128214209480781250" remote="128214362400000000" />
<file name="Picasa.ini" server="xfx.net//httpdocs/" local="127609488000000000" remote="128524700400000000" />
<file name="Picasa.ini" server="c:/inetpub/wwwroot/" local="127609488000000000" remote="128214362400000000" />
</dwsync>