<?xml version="1.0" encoding="utf-8" ?>
<dwsync>
<file name="dmbAPI_addCommand.htm" server="xfx.net//httpdocs/" local="128524545687656250" remote="128524696200000000" />
<file name="dmbAPI_addGroup.htm" server="xfx.net//httpdocs/" local="128524545687812500" remote="128524696200000000" />
<file name="dmbAPI_addTBItem.htm" server="xfx.net//httpdocs/" local="128524545687812500" remote="128524696200000000" />
<file name="dmbAPI_addToolbar.htm" server="xfx.net//httpdocs/" local="128524545687968750" remote="128524696200000000" />
<file name="dmbAPI_removeCommand.htm" server="xfx.net//httpdocs/" local="128524545687968750" remote="128524696200000000" />
<file name="dmbAPI_removeGroup.htm" server="xfx.net//httpdocs/" local="128524545688125000" remote="128524696200000000" />
<file name="dmbAPI_removeTBItem.htm" server="xfx.net//httpdocs/" local="128524545688125000" remote="128524696800000000" />
<file name="dmbAPI_removeToolbar.htm" server="xfx.net//httpdocs/" local="128524545688125000" remote="128524696800000000" />
</dwsync>