<?xml version="1.0" encoding="utf-8" ?>
<dwsync>
<file name="adn_b.gif" server="xfx.net//httpdocs/" local="128214210153281250" remote="128524701000000000" />
<file name="adn_b.gif" server="c:/inetpub/wwwroot/" local="128214210153281250" remote="128214363600000000" />
<file name="adn_w.gif" server="xfx.net//httpdocs/" local="128214210153281250" remote="128524701000000000" />
<file name="adn_w.gif" server="c:/inetpub/wwwroot/" local="128214210153281250" remote="128214363600000000" />
<file name="aup_b.gif" server="xfx.net//httpdocs/" local="128214210153593750" remote="128524701000000000" />
<file name="aup_b.gif" server="c:/inetpub/wwwroot/" local="128214210153593750" remote="128214363600000000" />
<file name="aup_w.gif" server="xfx.net//httpdocs/" local="128214210153593750" remote="128524701000000000" />
<file name="aup_w.gif" server="c:/inetpub/wwwroot/" local="128214210153593750" remote="128214363600000000" />
<file name="blank.gif" server="xfx.net//httpdocs/" local="128214210153750000" remote="128524701000000000" />
<file name="blank.gif" server="c:/inetpub/wwwroot/" local="128214210153750000" remote="128214363600000000" />
<file name="dmb_i.gif" server="xfx.net//httpdocs/" local="126713248680000000" remote="128524701000000000" />
<file name="dmb_i.gif" server="c:/inetpub/wwwroot/" local="126713248680000000" remote="128214363600000000" />
<file name="dmb_m.gif" server="xfx.net//httpdocs/" local="126713248680000000" remote="128524701000000000" />
<file name="dmb_m.gif" server="c:/inetpub/wwwroot/" local="126713248680000000" remote="128214363600000000" />
<file name="F0.gif" server="xfx.net//httpdocs/" local="128214210153593750" remote="128524701000000000" />
<file name="F0.gif" server="c:/inetpub/wwwroot/" local="128214210153593750" remote="128214363600000000" />
<file name="iemenu.js" server="xfx.net//httpdocs/" local="128214210153281250" remote="128524701000000000" />
<file name="iemenu.js" server="c:/inetpub/wwwroot/" local="128214210153281250" remote="128214364200000000" />
<file name="oxpback.jpg" server="xfx.net//httpdocs/" local="128214210153750000" remote="128524701000000000" />
<file name="oxpback.jpg" server="c:/inetpub/wwwroot/" local="128214210153750000" remote="128214364200000000" />
<file name="Picasa.ini" server="xfx.net//httpdocs/" local="127609488000000000" remote="128524701000000000" />
<file name="Picasa.ini" server="c:/inetpub/wwwroot/" local="127609488000000000" remote="128214364200000000" />
<file name="selback.jpg" server="xfx.net//httpdocs/" local="128214210153593750" remote="128524701000000000" />
<file name="selback.jpg" server="c:/inetpub/wwwroot/" local="128214210153593750" remote="128214364200000000" />
</dwsync>