<?xml version="1.0" encoding="utf-8" ?>
<dwsync>
<file name="index.php" server="xfx.net//httpdocs/" local="128439370891718750" remote="128524700400000000" />
<file name="index.php" server="c:/inetpub/wwwroot/" local="127637136000000000" remote="128214363000000000" />
<file name="otto.php" server="xfx.net//httpdocs/" local="127616400000000000" remote="128524701000000000" />
<file name="otto.php" server="c:/inetpub/wwwroot/" local="127616400000000000" remote="128214363600000000" />
<file name="ottoscript.php" server="xfx.net//httpdocs/" local="127616400000000000" remote="128524701000000000" />
<file name="ottoscript.php" server="c:/inetpub/wwwroot/" local="127616400000000000" remote="128214363600000000" />
<file name="xfxmenus.dmb" server="xfx.net//httpdocs/" local="128214212696562500" remote="128524701000000000" />
<file name="xfxmenus.dmb" server="c:/inetpub/wwwroot/" local="128214212696562500" remote="128214363600000000" />
</dwsync>