<?xml version="1.0" encoding="utf-8" ?>
<dwsync>
<file name="iemenu.js" server="xfx.net//httpdocs/" local="128439326635312500" remote="128524697400000000" />
<file name="iemenu.js" server="c:/inetpub/wwwroot/" local="128214203469843750" remote="128214348000000000" />
<file name="adn_b.gif" server="xfx.net//httpdocs/" local="128439326635312500" remote="128524697400000000" />
<file name="adn_w.gif" server="xfx.net//httpdocs/" local="128439326635312500" remote="128524697400000000" />
<file name="arrow.gif" server="xfx.net//httpdocs/" local="128439326635468750" remote="128524697400000000" />
<file name="arrow_black.gif" server="xfx.net//httpdocs/" local="128439326635468750" remote="128524697400000000" />
<file name="arrow_down_black.gif" server="xfx.net//httpdocs/" local="128439326635625000" remote="128524697400000000" />
<file name="arrow_down_white.gif" server="xfx.net//httpdocs/" local="128439326635625000" remote="128524697400000000" />
<file name="aup_b.gif" server="xfx.net//httpdocs/" local="128439326635312500" remote="128524697400000000" />
<file name="aup_w.gif" server="xfx.net//httpdocs/" local="128439326635312500" remote="128524697400000000" />
<file name="dmb_i.gif" server="xfx.net//httpdocs/" local="126713248680000000" remote="128524697400000000" />
<file name="dmb_m.gif" server="xfx.net//httpdocs/" local="126713248680000000" remote="128524697400000000" />
<file name="Picasa.ini" server="xfx.net//httpdocs/" local="127609488000000000" remote="128524697400000000" />
<file name="sep.gif" server="xfx.net//httpdocs/" local="127616400000000000" remote="128524697400000000" />
</dwsync>