<?xml version="1.0" encoding="utf-8" ?>
<dwsync>
<file name="ablack.gif" server="xfx.net//httpdocs/" local="127616400000000000" remote="128524698000000000" />
<file name="ablack.gif" server="c:/inetpub/wwwroot/" local="127616400000000000" remote="128214358200000000" />
<file name="adn_b.gif" server="xfx.net//httpdocs/" local="127616400000000000" remote="128524698000000000" />
<file name="adn_b.gif" server="c:/inetpub/wwwroot/" local="127616400000000000" remote="128214358200000000" />
<file name="adn_w.gif" server="xfx.net//httpdocs/" local="127616400000000000" remote="128524698000000000" />
<file name="adn_w.gif" server="c:/inetpub/wwwroot/" local="127616400000000000" remote="128214358200000000" />
<file name="aup_b.gif" server="xfx.net//httpdocs/" local="127616400000000000" remote="128524698000000000" />
<file name="aup_b.gif" server="c:/inetpub/wwwroot/" local="127616400000000000" remote="128214358200000000" />
<file name="aup_w.gif" server="xfx.net//httpdocs/" local="127616400000000000" remote="128524698000000000" />
<file name="aup_w.gif" server="c:/inetpub/wwwroot/" local="127616400000000000" remote="128214358200000000" />
<file name="awhite.gif" server="xfx.net//httpdocs/" local="127616400000000000" remote="128524698000000000" />
<file name="awhite.gif" server="c:/inetpub/wwwroot/" local="127616400000000000" remote="128214358200000000" />
<file name="dmb_i.gif" server="xfx.net//httpdocs/" local="127637136000000000" remote="128524698000000000" />
<file name="dmb_i.gif" server="c:/inetpub/wwwroot/" local="127637136000000000" remote="128214358200000000" />
</dwsync>