<?xml version="1.0" encoding="utf-8" ?>
<dwsync>
<file name="ADOVBS.inc" server="xfx.net//httpdocs/" local="127616400000000000" remote="128524698000000000" />
<file name="ADOVBS.inc" server="c:/inetpub/wwwroot/" local="127616400000000000" remote="128214358200000000" />
<file name="ASP-DB Sample.dmb" server="xfx.net//httpdocs/" local="127621584000000000" remote="128524698000000000" />
<file name="ASP-DB Sample.dmb" server="c:/inetpub/wwwroot/" local="127621584000000000" remote="128214358200000000" />
<file name="dmb.mdb" server="xfx.net//httpdocs/" local="127616400000000000" remote="128524698000000000" />
<file name="dmb.mdb" server="c:/inetpub/wwwroot/" local="127616400000000000" remote="128214358200000000" />
<file name="index.asp" server="xfx.net//httpdocs/" local="127621584000000000" remote="128524698000000000" />
<file name="index.asp" server="c:/inetpub/wwwroot/" local="127621584000000000" remote="128214358800000000" />
</dwsync>